,date,open,high,low,close,volume
0,2026-01-22,380.8699951171875,383.9800109863281,378.0,378.135009765625,13341
1,2026-01-21,360.7099914550781,380.8900146484375,353.04998779296875,374.30999755859375,1015500
2,2026-01-20,364.2149963378906,375.79998779296875,354.0,356.6600036621094,1031900
3,2026-01-16,389.6199951171875,396.4200134277344,366.1400146484375,371.6600036621094,3434000
4,2026-01-15,408.2099914550781,424.3800048828125,400.45001220703125,419.07000732421875,1773500
5,2026-01-14,373.3299865722656,377.29400634765625,366.0,374.8299865722656,426500
6,2026-01-13,375.42999267578125,383.17999267578125,370.0,376.8599853515625,531000
7,2026-01-12,365.8450012207031,371.2799987792969,364.45001220703125,369.0299987792969,615300
8,2026-01-09,375.8550109863281,387.6700134277344,365.3599853515625,370.8299865722656,946000
9,2026-01-08,369.5299987792969,374.1099853515625,355.4200134277344,356.0,1083500
10,2026-01-07,393.8299865722656,396.2090148925781,365.5400085449219,374.7099914550781,1295100
11,2026-01-06,395.6400146484375,400.8800048828125,385.0,393.17999267578125,534900
12,2026-01-05,399.0,400.42999267578125,381.0,395.20001220703125,891400
13,2026-01-02,381.1099853515625,397.4200134277344,379.3299865722656,396.7300109863281,597600
14,2025-12-31,381.1199951171875,386.0,374.760009765625,374.8399963378906,369000
15,2025-12-30,380.2699890136719,382.6499938964844,377.0,378.9700012207031,320100
16,2025-12-29,381.44000244140625,387.82000732421875,377.4200134277344,380.2699890136719,531600
17,2025-12-26,384.1400146484375,385.94000244140625,379.1700134277344,384.5199890136719,271300
18,2025-12-24,380.0,386.95001220703125,377.95001220703125,383.5799865722656,190800
19,2025-12-23,375.8500061035156,384.260009765625,375.44000244140625,380.75,409100
20,2025-12-22,377.32000732421875,384.989990234375,374.0,378.8500061035156,599900
21,2025-12-19,373.0299987792969,381.6700134277344,368.69000244140625,372.25,1774000
22,2025-12-18,374.9100036621094,385.8800048828125,363.0799865722656,371.7200012207031,1445700
23,2025-12-17,377.19000244140625,381.8599853515625,350.47601318359375,351.9599914550781,1341600
24,2025-12-16,357.0,380.8999938964844,354.7349853515625,376.7699890136719,1209800
25,2025-12-15,360.0050048828125,363.45001220703125,352.9599914550781,357.94000244140625,1138300
26,2025-12-12,370.31500244140625,371.1700134277344,350.0,356.3599853515625,1056400
27,2025-12-11,356.6000061035156,369.3599853515625,349.5150146484375,368.82000732421875,672300
28,2025-12-10,346.04998779296875,361.0,343.3999938964844,358.5,1259900
29,2025-12-09,353.6199951171875,361.3800048828125,348.0050048828125,348.3800048828125,552600
30,2025-12-08,353.0400085449219,355.5299987792969,345.6700134277344,353.3800048828125,706200
31,2025-12-05,366.3500061035156,368.989990234375,347.17498779296875,354.239990234375,1361600
32,2025-12-04,364.3299865722656,377.0799865722656,361.1499938964844,367.92999267578125,739000
33,2025-12-03,366.6600036621094,374.0150146484375,359.5150146484375,365.4599914550781,1048800
34,2025-12-02,380.20001220703125,385.8900146484375,367.0400085449219,367.9599914550781,849000
35,2025-12-01,388.0,390.2699890136719,378.0799865722656,379.989990234375,916600
36,2025-11-28,393.010009765625,397.0,388.6700134277344,394.2699890136719,279700
37,2025-11-26,385.67999267578125,393.1199951171875,381.25,392.4200134277344,663800
38,2025-11-25,374.3800048828125,379.79998779296875,360.5899963378906,378.989990234375,613100
39,2025-11-24,368.2900085449219,381.4200134277344,364.3800048828125,380.489990234375,552200
40,2025-11-21,368.0,372.3999938964844,353.14898681640625,365.9599914550781,845200
41,2025-11-20,404.989990234375,407.6700134277344,368.6600036621094,369.1000061035156,1293800
42,2025-11-19,377.70001220703125,395.44000244140625,377.0,390.510009765625,818200
43,2025-11-18,362.3500061035156,383.0,361.30999755859375,374.79998779296875,977300
44,2025-11-17,360.25,379.0,358.010009765625,368.6499938964844,958500
45,2025-11-14,344.5,368.739990234375,344.2650146484375,360.9200134277344,1218300
46,2025-11-13,370.0799865722656,370.6499938964844,349.1099853515625,355.0400085449219,1450900
47,2025-11-12,375.1199951171875,378.8169860839844,360.260009765625,367.5400085449219,1116900
48,2025-11-11,384.1700134277344,393.0,370.5,374.54998779296875,716300
49,2025-11-10,395.0,398.44000244140625,379.69000244140625,393.6300048828125,760100
50,2025-11-07,373.1199951171875,388.67999267578125,362.510009765625,386.57000732421875,842900
51,2025-11-06,390.45001220703125,404.0,379.17999267578125,385.92999267578125,1025800
52,2025-11-05,397.70001220703125,410.9100036621094,393.2139892578125,403.489990234375,815200
53,2025-11-04,396.5899963378906,410.0199890136719,390.0400085449219,395.25,795400
54,2025-11-03,401.17999267578125,418.6600036621094,401.0,413.5400085449219,830600
55,2025-10-31,404.0299987792969,411.2200012207031,392.7300109863281,399.7799987792969,887100
56,2025-10-30,390.0,400.9599914550781,388.9100036621094,391.82000732421875,544000
57,2025-10-29,394.0,410.0,390.0,398.54998779296875,658500
58,2025-10-28,410.29998779296875,410.7699890136719,376.5899963378906,394.0,1404900
59,2025-10-27,415.5,416.4700012207031,400.7200012207031,407.1199951171875,502000
60,2025-10-24,396.3299865722656,408.3999938964844,390.2099914550781,407.80999755859375,951300
61,2025-10-23,386.2900085449219,391.70001220703125,382.0,383.82000732421875,814900
62,2025-10-22,379.94000244140625,381.5299987792969,352.6400146484375,380.69000244140625,2299500
63,2025-10-21,405.4800109863281,407.14801025390625,379.3399963378906,382.0899963378906,1125200
64,2025-10-20,412.5,417.0899963378906,402.0299987792969,406.8399963378906,583700
65,2025-10-17,408.1300048828125,416.02099609375,400.7550048828125,406.45001220703125,895200
66,2025-10-16,416.5,421.7900085449219,411.1099853515625,418.0299987792969,710300
67,2025-10-15,422.239990234375,430.0,407.4549865722656,415.80999755859375,960300
68,2025-10-14,425.0,433.6600036621094,417.1300048828125,417.75,991500
69,2025-10-13,423.6050109863281,440.95001220703125,423.6050109863281,435.8299865722656,709800
70,2025-10-10,441.19000244140625,446.0,410.1199951171875,412.8299865722656,1020100
71,2025-10-09,446.2200012207031,449.7900085449219,437.0,444.5,503100
72,2025-10-08,434.8900146484375,446.385009765625,432.2799987792969,445.8399963378906,575400
73,2025-10-07,429.0,435.0,425.8599853515625,431.0400085449219,582400
74,2025-10-06,448.6199951171875,448.6199951171875,424.81500244140625,430.42999267578125,722400
75,2025-10-03,437.92999267578125,451.2799987792969,431.1400146484375,438.5,916100
76,2025-10-02,429.8999938964844,434.9800109863281,421.7080078125,434.07000732421875,661400
77,2025-10-01,423.3299865722656,437.05999755859375,421.1400146484375,426.989990234375,780600
78,2025-09-30,420.8699951171875,428.94000244140625,418.7460021972656,425.3800048828125,653400
79,2025-09-29,414.0,424.9800109863281,404.57000732421875,420.70001220703125,702000
80,2025-09-26,414.3699951171875,415.989990234375,409.0,411.2300109863281,472000
81,2025-09-25,409.8900146484375,413.6000061035156,401.0,410.7200012207031,636300
82,2025-09-24,423.0,424.5,415.75,416.94000244140625,480400
83,2025-09-23,424.6600036621094,428.2300109863281,417.0,423.1300048828125,691000
84,2025-09-22,424.0,430.7099914550781,416.1700134277344,429.7200012207031,856400
85,2025-09-19,415.1000061035156,427.07000732421875,415.0,423.55999755859375,1462400
86,2025-09-18,410.7099914550781,422.7699890136719,409.0,415.25,702200
87,2025-09-17,410.0,413.0,401.6499938964844,408.0899963378906,727200
88,2025-09-16,404.489990234375,411.44000244140625,401.2699890136719,409.6000061035156,676800
89,2025-09-15,401.260009765625,411.3599853515625,400.04998779296875,405.45001220703125,683500
90,2025-09-12,397.9100036621094,405.9549865722656,397.9100036621094,402.5299987792969,435200
91,2025-09-11,407.8500061035156,409.20001220703125,398.010009765625,400.9200134277344,606000
92,2025-09-10,405.3900146484375,410.0,397.2449951171875,402.6499938964844,1053300
93,2025-09-09,392.2200012207031,398.7799987792969,387.0,389.42999267578125,966600
94,2025-09-08,391.6000061035156,392.989990234375,382.8699951171875,383.489990234375,916000
95,2025-09-05,385.4100036621094,389.6700134277344,366.3999938964844,389.19000244140625,758400
96,2025-09-04,382.75,387.3500061035156,380.0299987792969,380.44000244140625,524100
97,2025-09-03,376.4800109863281,385.5299987792969,373.6400146484375,377.760009765625,527200
98,2025-09-02,368.8500061035156,376.489990234375,363.07000732421875,375.1499938964844,807000
99,2025-08-29,385.5799865722656,386.1449890136719,371.1499938964844,378.9200134277344,1200900
100,2025-08-28,377.2200012207031,394.25,375.010009765625,388.2200012207031,1089900
101,2025-08-27,379.4700012207031,382.79998779296875,375.0,381.5,7201500
102,2025-08-26,374.9100036621094,380.1300048828125,367.010009765625,378.7900085449219,2383600
103,2025-08-25,358.5,361.6700134277344,353.0400085449219,355.5299987792969,433100
104,2025-08-22,357.8599853515625,364.0400085449219,348.8599853515625,356.1099853515625,808000
105,2025-08-21,360.0,367.9700012207031,357.4700012207031,357.8599853515625,533500
106,2025-08-20,364.1099853515625,365.7200012207031,351.0,360.1000061035156,964100
107,2025-08-19,371.9800109863281,372.44500732421875,361.4259948730469,368.1600036621094,811300
108,2025-08-18,377.82000732421875,381.8399963378906,373.5799865722656,376.8900146484375,876100
109,2025-08-15,381.3299865722656,383.4750061035156,371.04998779296875,377.82000732421875,768500
110,2025-08-14,381.0899963378906,386.1700134277344,378.6000061035156,380.6000061035156,495900
111,2025-08-13,383.8299865722656,388.0,365.0799865722656,380.25,828800
112,2025-08-12,370.1300048828125,381.5,369.55999755859375,380.6099853515625,782300
113,2025-08-11,379.30999755859375,380.0,364.7699890136719,369.95001220703125,900500
114,2025-08-08,372.0,377.14300537109375,368.260009765625,374.67999267578125,619800
115,2025-08-07,374.0299987792969,383.7200012207031,368.25,375.5799865722656,1356900
116,2025-08-06,387.010009765625,387.625,372.5199890136719,378.6700134277344,1210500
117,2025-08-05,390.7099914550781,392.3500061035156,377.0400085449219,384.2699890136719,1256600
118,2025-08-04,382.0,394.07000732421875,379.2590026855469,390.67999267578125,1241300
119,2025-08-01,363.6400146484375,384.9150085449219,358.0,378.010009765625,1549000
120,2025-07-31,375.0,380.5299987792969,371.1239929199219,377.57000732421875,892900
121,2025-07-30,362.70001220703125,376.1600036621094,360.45001220703125,373.3599853515625,1108000
122,2025-07-29,359.8900146484375,365.3999938964844,354.7300109863281,361.2099914550781,731100
123,2025-07-28,350.9800109863281,359.2349853515625,348.0,358.7699890136719,1247700
124,2025-07-25,339.75,352.7699890136719,338.5249938964844,346.6199951171875,1642100
125,2025-07-24,339.260009765625,344.739990234375,336.0,339.1600036621094,1159200
126,2025-07-23,343.0,350.5249938964844,331.0199890136719,339.239990234375,2492300
127,2025-07-22,310.29998779296875,316.2699890136719,300.0,313.5799865722656,1801200
128,2025-07-21,327.6000061035156,329.6099853515625,308.4599914550781,310.1400146484375,1563800
129,2025-07-18,310.0,330.989990234375,302.489990234375,328.6300048828125,4495300
130,2025-07-17,265.75,267.8599853515625,261.55999755859375,264.0,904000
131,2025-07-16,268.70001220703125,269.0400085449219,255.5,264.7799987792969,1513400
132,2025-07-15,282.4200134277344,285.0,264.6700134277344,268.1499938964844,1521200
133,2025-07-14,276.9700012207031,282.80499267578125,270.3699951171875,281.9599914550781,961300
134,2025-07-11,270.70001220703125,280.5899963378906,266.7950134277344,276.1700134277344,1018700
135,2025-07-10,274.07000732421875,274.70001220703125,265.0,267.6199951171875,811200
136,2025-07-09,279.1400146484375,279.1400146484375,271.94000244140625,272.1499938964844,953100
137,2025-07-08,284.0,286.8399963378906,272.2300109863281,277.4599914550781,646800
138,2025-07-07,281.3500061035156,286.9100036621094,280.29998779296875,285.1000061035156,666200
139,2025-07-03,277.0899963378906,287.5199890136719,276.4360046386719,286.30999755859375,812000
140,2025-07-02,278.1000061035156,282.1099853515625,273.739990234375,276.2699890136719,819700
141,2025-07-01,291.0299987792969,292.489990234375,278.3500061035156,279.989990234375,1277300
142,2025-06-30,298.489990234375,301.69500732421875,289.0799865722656,290.7699890136719,813800
143,2025-06-27,294.760009765625,298.4599914550781,290.989990234375,297.8800048828125,4503400
144,2025-06-26,289.9700012207031,294.4200134277344,282.9100036621094,291.3800048828125,786900
145,2025-06-25,298.32000732421875,300.0,287.3500061035156,288.0,873200
146,2025-06-24,292.44000244140625,296.8900146484375,289.45599365234375,294.1700134277344,606100
147,2025-06-23,289.2799987792969,294.760009765625,284.6400146484375,291.5899963378906,783800
148,2025-06-20,291.30999755859375,293.3699951171875,287.69000244140625,288.6600036621094,889300
149,2025-06-18,285.0400085449219,294.4599914550781,285.0400085449219,290.3800048828125,988500
150,2025-06-17,282.55999755859375,287.04998779296875,279.24700927734375,285.8800048828125,685900
151,2025-06-16,282.3599853515625,286.3800048828125,279.0350036621094,280.9200134277344,739500
152,2025-06-13,274.989990234375,280.2900085449219,272.04998779296875,277.1600036621094,1013300
153,2025-06-12,273.3599853515625,277.20001220703125,271.739990234375,274.989990234375,1199800
154,2025-06-11,271.8999938964844,275.80999755859375,255.52999877929688,274.82000732421875,3265500
155,2025-06-10,257.4100036621094,259.0,246.9499969482422,255.09500122070312,1137200
156,2025-06-09,261.3399963378906,274.8869934082031,250.0,257.0199890136719,1913400
157,2025-06-06,258.989990234375,259.7799987792969,252.25999450683594,258.5400085449219,516900
158,2025-06-05,261.0,261.0350036621094,252.38999938964844,255.94000244140625,513700
159,2025-06-04,256.0799865722656,261.9800109863281,251.99000549316406,260.0,1009500
160,2025-06-03,257.30999755859375,260.8900146484375,252.01499938964844,255.47999572753906,1588500
161,2025-06-02,245.3800048828125,249.88999938964844,240.89999389648438,248.55999755859375,754100
162,2025-05-30,242.77999877929688,246.85000610351562,239.88999938964844,243.9499969482422,727400
163,2025-05-29,247.5,247.61099243164062,239.1999969482422,244.69000244140625,568300
164,2025-05-28,245.5,246.58999633789062,242.5,244.52000427246094,462800
165,2025-05-27,247.0,247.86000061035156,242.52000427246094,245.22000122070312,803000
166,2025-05-23,238.3699951171875,244.5,237.35000610351562,243.0800018310547,457500
167,2025-05-22,233.7899932861328,240.77999877929688,232.33999633789062,238.6300048828125,608500
168,2025-05-21,237.9600067138672,241.72900390625,233.9149932861328,235.38999938964844,502600
169,2025-05-20,241.1699981689453,244.35000610351562,239.6199951171875,241.2100067138672,510000
170,2025-05-19,239.85000610351562,242.13999938964844,236.9739990234375,240.3000030517578,746500
171,2025-05-16,246.0,247.35299682617188,242.64999389648438,244.86000061035156,796600
172,2025-05-15,243.24000549316406,245.82000732421875,240.35000610351562,244.8000030517578,806900
173,2025-05-14,243.24000549316406,246.52999877929688,239.07699584960938,244.9199981689453,616500
174,2025-05-13,236.25999450683594,246.13999938964844,234.6699981689453,241.0800018310547,878800
175,2025-05-12,235.4600067138672,240.13999938964844,232.56100463867188,236.6199951171875,1397100
176,2025-05-09,226.75999450683594,226.88999938964844,220.58999633789062,225.16000366210938,802000
177,2025-05-08,228.3800048828125,242.60000610351562,227.5,228.61000061035156,1221600
178,2025-05-07,230.77499389648438,233.50999450683594,228.0,231.30999755859375,1420300
179,2025-05-06,221.94000244140625,238.0,221.94000244140625,234.72000122070312,1398500
180,2025-05-05,222.74000549316406,225.4669952392578,216.1999969482422,222.27999877929688,768500
181,2025-05-02,224.3000030517578,230.35499572753906,221.4499969482422,225.94000244140625,720000
182,2025-05-01,221.3800048828125,230.6300048828125,220.21499633789062,223.33999633789062,1145600
183,2025-04-30,209.6699981689453,217.13999938964844,206.00999450683594,215.0800018310547,700500
184,2025-04-29,210.44000244140625,215.1840057373047,209.8769989013672,213.9499969482422,533100
185,2025-04-28,212.9499969482422,215.5,209.2100067138672,213.42999267578125,582000
186,2025-04-25,209.6300048828125,216.39999389648438,209.6300048828125,211.55999755859375,703800
187,2025-04-24,205.4499969482422,213.8800048828125,205.4499969482422,211.00999450683594,471300
188,2025-04-23,208.97000122070312,212.7100067138672,202.44000244140625,204.66000366210938,855300
189,2025-04-22,195.32000732421875,201.16000366210938,194.53500366210938,197.58999633789062,816300
190,2025-04-21,197.97999572753906,200.39999389648438,186.49400329589844,191.3699951171875,737200
191,2025-04-17,206.85000610351562,208.0,201.77999877929688,203.4600067138672,649700
192,2025-04-16,198.3000030517578,206.1199951171875,194.97500610351562,203.1999969482422,779200
193,2025-04-15,203.4600067138672,206.8489990234375,198.0,202.92999267578125,541000
194,2025-04-14,204.30999755859375,206.6750030517578,196.30999755859375,200.22999572753906,554900
195,2025-04-11,192.4199981689453,198.85000610351562,190.0500030517578,198.03500366210938,960200
196,2025-04-10,196.00999450683594,202.33999633789062,190.64999389648438,196.38999938964844,1054500
197,2025-04-09,181.6199951171875,206.5800018310547,176.8000030517578,203.41000366210938,1703900
198,2025-04-08,194.11000061035156,197.49000549316406,179.33999633789062,182.61500549316406,1413200
199,2025-04-07,163.0,195.47000122070312,163.0,183.05999755859375,1633200
200,2025-04-04,177.50999450683594,179.52499389648438,162.3090057373047,174.39999389648438,2379700
201,2025-04-03,198.3000030517578,204.0,183.1699981689453,184.41000366210938,1608200
202,2025-04-02,201.30999755859375,214.9499969482422,201.0,214.72999572753906,1099000
203,2025-04-01,200.625,207.9199981689453,196.5449981689453,207.44000244140625,959600
204,2025-03-31,190.30999755859375,200.72000122070312,188.0,199.6699981689453,837600
205,2025-03-28,200.0500030517578,205.25999450683594,194.05999755859375,197.47999572753906,849900
206,2025-03-27,199.10000610351562,205.08999633789062,194.86000061035156,202.7899932861328,1146200
207,2025-03-26,216.8800048828125,217.6999969482422,202.72000122070312,203.08999633789062,1351300
208,2025-03-25,219.33999633789062,219.5,208.89999389648438,217.72999572753906,1081800
209,2025-03-24,217.5050048828125,220.58999633789062,214.50999450683594,218.9600067138672,1333600
210,2025-03-21,212.4199981689453,215.89999389648438,208.0,214.80999755859375,1268300
211,2025-03-20,209.97000122070312,215.89999389648438,205.57000732421875,212.9600067138672,760300
212,2025-03-19,204.07000732421875,214.4199981689453,201.57000732421875,210.3000030517578,1037900
213,2025-03-18,204.39999389648438,206.01499938964844,198.17999267578125,202.7449951171875,991400
214,2025-03-17,204.9499969482422,211.36500549316406,203.67999267578125,207.0,907900
215,2025-03-14,201.0,205.0850067138672,196.0,204.92999267578125,1224500
216,2025-03-13,197.5800018310547,198.4600067138672,188.75,195.1999969482422,1193500
217,2025-03-12,192.7899932861328,200.0,187.6999969482422,199.08999633789062,3297700
218,2025-03-11,166.7899932861328,180.75100708007812,163.41000366210938,176.55999755859375,1964600
219,2025-03-10,168.67999267578125,170.57000732421875,158.0800018310547,165.75,3045800
220,2025-03-07,180.5800018310547,184.5229949951172,171.7949981689453,176.24000549316406,1664000
221,2025-03-06,187.9600067138672,193.57000732421875,176.89999389648438,180.52999877929688,1864400
222,2025-03-05,192.5399932861328,201.23500061035156,190.1300048828125,197.85000610351562,1144900
223,2025-03-04,188.0,202.56500244140625,178.91000366210938,195.75999450683594,2605900
224,2025-03-03,206.89999389648438,213.6199951171875,185.75,188.02000427246094,1541900
225,2025-02-28,193.17999267578125,209.8300018310547,192.0,207.9499969482422,2209900
226,2025-02-27,223.3699951171875,224.0,200.30499267578125,201.82000732421875,1491600
227,2025-02-26,219.6699981689453,227.52000427246094,215.27999877929688,217.7100067138672,1216000
228,2025-02-25,211.02000427246094,212.7100067138672,197.25999450683594,211.58999633789062,1590000
229,2025-02-24,219.22999572753906,222.0,206.24000549316406,215.84500122070312,1453300
230,2025-02-21,238.3699951171875,238.52999877929688,214.05999755859375,218.8000030517578,2494000
231,2025-02-20,245.35000610351562,247.0,233.94000244140625,236.42999267578125,921300
232,2025-02-19,247.94500732421875,249.25399780273438,242.69000244140625,248.3300018310547,838100
233,2025-02-18,245.0,250.72000122070312,241.1300048828125,250.3699951171875,707700
234,2025-02-14,240.19000244140625,245.80999755859375,235.49600219726562,241.5399932861328,686000
235,2025-02-13,236.07000732421875,240.78900146484375,233.99099731445312,240.3800048828125,671800
236,2025-02-12,227.0,242.281005859375,226.0,236.5,650300
237,2025-02-11,235.4600067138672,237.02999877929688,229.11000061035156,233.9499969482422,736900
238,2025-02-10,238.9600067138672,243.96499633789062,235.85000610351562,238.22999572753906,628300
239,2025-02-07,241.6300048828125,244.92999267578125,235.58999633789062,238.72999572753906,652600
240,2025-02-06,236.77999877929688,240.86500549316406,231.6699981689453,238.91000366210938,662200
241,2025-02-05,237.89999389648438,241.7899932861328,231.47000122070312,235.85000610351562,826200
242,2025-02-04,231.27999877929688,235.0,221.0800018310547,234.4199981689453,991100
243,2025-02-03,213.72999572753906,232.22000122070312,213.30099487304688,230.85000610351562,1204800
244,2025-01-31,227.47000122070312,231.18899536132812,220.2899932861328,221.72999572753906,1038600
245,2025-01-30,221.05999755859375,230.0,218.5850067138672,224.9499969482422,1440900
246,2025-01-29,209.91000366210938,218.1199951171875,206.0,214.0,2021100
247,2025-01-28,199.1999969482422,206.27999877929688,190.5,204.4199981689453,2680300
248,2025-01-27,217.0,217.1999969482422,187.0,192.16000366210938,4655000
249,2025-01-24,247.72999572753906,250.82000732421875,241.7100067138672,245.05999755859375,890900
250,2025-01-23,249.8000030517578,258.0299987792969,246.31500244140625,247.1199951171875,1172200
251,2025-01-22,249.72000122070312,253.906005859375,247.5,249.99000549316406,1169900
252,2025-01-21,240.25999450683594,249.48500061035156,239.0,243.63999938964844,1422000
253,2025-01-17,234.55999755859375,236.86000061035156,230.59500122070312,234.9499969482422,1014600
254,2025-01-16,230.47000122070312,235.62399291992188,228.0,234.16000366210938,1667100
255,2025-01-15,226.6999969482422,231.38999938964844,221.1999969482422,226.38999938964844,1289500
256,2025-01-14,217.0,224.11000061035156,216.03199768066406,220.25,699300
257,2025-01-13,219.0,220.1199951171875,210.0,212.49000549316406,557300
258,2025-01-10,220.72000122070312,227.47999572753906,214.0,221.8000030517578,1800200
259,2025-01-08,211.27999877929688,218.625,203.0,215.58999633789062,1001300
260,2025-01-07,220.5399932861328,221.5500030517578,206.16000366210938,212.71499633789062,669200
261,2025-01-06,221.38999938964844,225.0,212.0,218.1999969482422,802600
262,2025-01-03,215.0,220.49000549316406,212.5,215.58999633789062,839800
263,2025-01-02,206.0,213.1999969482422,201.61099243164062,212.22999572753906,736200
264,2024-12-31,202.66000366210938,203.13999938964844,198.88999938964844,201.47000122070312,394600
265,2024-12-30,196.9600067138672,202.5399932861328,195.91000366210938,201.66000366210938,436200
266,2024-12-27,204.02000427246094,205.99000549316406,196.02999877929688,200.1199951171875,415400
267,2024-12-26,205.36000061035156,208.0500030517578,202.77999877929688,206.38999938964844,328100
268,2024-12-24,203.3300018310547,209.5,201.1999969482422,206.85000610351562,260900
269,2024-12-23,196.75999450683594,201.0399932861328,192.697998046875,198.75,520500
270,2024-12-20,190.66000366210938,199.49000549316406,188.91000366210938,197.11000061035156,1213600
271,2024-12-19,197.9499969482422,202.85000610351562,195.61000061035156,195.89999389648438,852700
272,2024-12-18,207.47999572753906,208.37100219726562,194.72000122070312,195.52000427246094,598700
273,2024-12-17,206.0,207.91000366210938,200.32400512695312,205.85000610351562,659800
274,2024-12-16,206.88999938964844,214.74000549316406,205.83700561523438,209.22000122070312,363200
275,2024-12-13,213.30999755859375,214.94000244140625,207.0800018310547,207.4600067138672,371900
276,2024-12-12,209.75,216.10000610351562,209.0,209.4199981689453,503800
277,2024-12-11,208.89999389648438,214.25999450683594,204.5,210.72999572753906,584400
278,2024-12-10,209.6999969482422,210.32000732421875,198.82000732421875,203.66000366210938,1051300
279,2024-12-09,218.32000732421875,222.0,203.97999572753906,208.67999267578125,1221900
280,2024-12-06,224.00999450683594,230.88999938964844,219.4199981689453,221.41000366210938,568300
281,2024-12-05,228.99000549316406,228.99000549316406,221.0229949951172,223.5399932861328,617900
282,2024-12-04,217.58999633789062,224.77999877929688,216.0,221.7100067138672,920200
283,2024-12-03,210.4499969482422,216.69000244140625,210.14999389648438,212.6300048828125,716800
284,2024-12-02,216.0,216.4949951171875,207.5800018310547,209.80999755859375,600600
285,2024-11-29,216.99000549316406,220.10000610351562,214.0,214.41000366210938,215500
286,2024-11-27,218.32000732421875,219.2899932861328,208.8679962158203,214.0500030517578,359200
287,2024-11-26,208.91000366210938,220.0500030517578,208.91000366210938,216.38999938964844,812500
288,2024-11-25,217.9199981689453,219.49000549316406,203.6300048828125,209.33999633789062,1719800
289,2024-11-22,220.0,222.49000549316406,210.25999450683594,214.1999969482422,943000
290,2024-11-21,211.0,222.0500030517578,207.0,219.88999938964844,1096400
291,2024-11-20,218.77999877929688,221.13999938964844,204.39999389648438,206.08999633789062,1003600
292,2024-11-19,201.3000030517578,217.0,200.0,214.6999969482422,696700
293,2024-11-18,201.30999755859375,211.38999938964844,201.18299865722656,207.49000549316406,565900
294,2024-11-15,199.0,204.35000610351562,197.16000366210938,200.42999267578125,1019200
295,2024-11-14,207.0,217.7899932861328,199.67999267578125,203.24000549316406,1780800
296,2024-11-13,212.0,217.6999969482422,204.1999969482422,206.52000427246094,1178900
297,2024-11-12,210.0,211.60000610351562,200.5,208.7899932861328,875300
298,2024-11-11,208.5,211.7899932861328,202.22000122070312,209.22000122070312,755000
299,2024-11-08,206.72000122070312,214.0,201.0,206.5,1325500
300,2024-11-07,195.36000061035156,208.08999633789062,192.50999450683594,205.5800018310547,1735900
301,2024-11-06,198.0,198.0,187.26499938964844,192.1300048828125,1700500
302,2024-11-05,172.42999267578125,190.10000610351562,170.7899932861328,189.72999572753906,2341000
303,2024-11-04,160.0,173.36000061035156,159.0,170.0,3745300
304,2024-11-01,181.5,183.7899932861328,172.0500030517578,173.8800048828125,1051700
305,2024-10-31,173.4199981689453,181.9499969482422,171.64999389648438,181.36000061035156,874900
306,2024-10-30,180.75999450683594,180.9499969482422,174.11000061035156,174.22999572753906,496200
307,2024-10-29,185.3000030517578,186.13499450683594,178.5,181.30999755859375,720400
308,2024-10-28,182.41000366210938,187.5399932861328,182.41000366210938,186.41000366210938,638300
309,2024-10-25,181.30999755859375,183.22000122070312,177.8800048828125,181.25,484800
310,2024-10-24,182.02000427246094,182.8000030517578,175.75399780273438,177.97999572753906,995700
311,2024-10-23,179.0,185.47000122070312,179.0,183.07000732421875,983200
312,2024-10-22,178.0,184.0,176.5,181.0,1110900
313,2024-10-21,174.4499969482422,179.6699981689453,174.15199279785156,179.17999267578125,908100
314,2024-10-18,171.55999755859375,175.8800048828125,168.66000366210938,173.97000122070312,659100
315,2024-10-17,181.99000549316406,181.99000549316406,171.66000366210938,171.67999267578125,1376600
316,2024-10-16,166.10000610351562,173.0,163.25,171.0500030517578,1054500
317,2024-10-15,168.13999938964844,168.65499877929688,160.0,162.0800018310547,695300
318,2024-10-14,159.75,167.2689971923828,158.5,166.61000061035156,986500
319,2024-10-11,155.75999450683594,162.99000549316406,148.02000427246094,159.19000244140625,2200700
320,2024-10-10,167.00999450683594,168.74000549316406,164.39999389648438,167.88999938964844,1073000
321,2024-10-09,175.91000366210938,178.5500030517578,167.30999755859375,170.66000366210938,1102100
322,2024-10-08,180.25999450683594,182.0500030517578,177.4149932861328,177.8300018310547,484800
323,2024-10-07,190.86000061035156,192.55999755859375,174.61000061035156,178.6199951171875,1411500
324,2024-10-04,185.4600067138672,190.66099548339844,182.2899932861328,190.35000610351562,866900
325,2024-10-03,178.19000244140625,183.36000061035156,177.57000732421875,182.1999969482422,657200
326,2024-10-02,177.27999877929688,182.85000610351562,174.44000244140625,175.92999267578125,1045700
327,2024-10-01,177.8800048828125,180.16000366210938,173.63999938964844,179.00999450683594,780400
328,2024-09-30,181.8699951171875,182.67999267578125,176.0,178.24000549316406,932100
329,2024-09-27,179.80999755859375,184.17999267578125,175.75999450683594,182.22000122070312,1042900
330,2024-09-26,197.1999969482422,197.61000061035156,177.36000061035156,178.22999572753906,1519800
331,2024-09-25,186.02999877929688,190.69400024414062,181.5500030517578,190.02000427246094,1332700
332,2024-09-24,181.19000244140625,187.27000427246094,181.19000244140625,185.32000732421875,1957500
333,2024-09-23,187.10000610351562,189.61000061035156,175.2899932861328,181.36000061035156,2540000
334,2024-09-20,181.22000122070312,186.60800170898438,178.0,184.08999633789062,6423300
335,2024-09-19,174.42999267578125,176.2050018310547,171.35000610351562,175.36000061035156,2023600
336,2024-09-18,168.94000244140625,174.07000732421875,166.74000549316406,171.02000427246094,2104700
337,2024-09-17,169.47000122070312,173.22999572753906,163.84500122070312,165.8699951171875,1189000
338,2024-09-16,170.0,171.75,165.41000366210938,167.58999633789062,829100
339,2024-09-13,164.72000122070312,169.3000030517578,160.85000610351562,166.75,1278300
340,2024-09-12,149.52000427246094,158.67999267578125,149.52000427246094,155.99000549316406,684600
341,2024-09-11,149.97000122070312,154.30999755859375,148.83999633789062,152.10000610351562,888700
342,2024-09-10,147.24000549316406,149.35000610351562,145.0500030517578,147.67999267578125,578300
343,2024-09-09,145.6300048828125,147.66000366210938,141.02999877929688,146.1199951171875,766700
344,2024-09-06,145.00999450683594,149.00999450683594,137.5500030517578,143.06500244140625,1095800
345,2024-09-05,152.05999755859375,152.05999755859375,140.10000610351562,145.00999450683594,775200
346,2024-09-04,138.72999572753906,145.9600067138672,138.57000732421875,142.85000610351562,830300
347,2024-09-03,147.52999877929688,149.64500427246094,137.5,138.27499389648438,849600
348,2024-08-30,145.86000061035156,150.5449981689453,145.86000061035156,149.61000061035156,589900
349,2024-08-29,148.97999572753906,151.73500061035156,144.1199951171875,146.36000061035156,484800
350,2024-08-28,150.3000030517578,155.0,145.72000122070312,148.14999389648438,737800
351,2024-08-27,143.16000366210938,153.85000610351562,143.16000366210938,151.86000061035156,747300
352,2024-08-26,152.17999267578125,152.17999267578125,141.07000732421875,145.02000427246094,823700
353,2024-08-23,144.0,148.8800048828125,143.47000122070312,148.8000030517578,768500
354,2024-08-22,140.0500030517578,143.8300018310547,137.9199981689453,143.0,557000
355,2024-08-21,136.6699981689453,142.19000244140625,136.55999755859375,139.00999450683594,771700
356,2024-08-20,139.50999450683594,139.50999450683594,133.02000427246094,134.25,229600
357,2024-08-19,132.9600067138672,138.14999389648438,131.30999755859375,137.64999389648438,362800
358,2024-08-16,136.5800018310547,139.0,131.9600067138672,132.9600067138672,372200
359,2024-08-15,131.0,139.99000549316406,130.91000366210938,135.63999938964844,976300
360,2024-08-14,128.0,134.08999633789062,126.0,129.80999755859375,1571100
361,2024-08-13,135.0,135.0,120.46700286865234,126.88999938964844,1085200
362,2024-08-12,123.75,125.32499694824219,113.41000366210938,119.76000213623047,688100
363,2024-08-09,119.4800033569336,125.0,118.25,123.55999755859375,430800
364,2024-08-08,117.0199966430664,121.45999908447266,117.0,119.4800033569336,487600
365,2024-08-07,119.0,122.56500244140625,114.0,116.44000244140625,489600
366,2024-08-06,114.7699966430664,120.33000183105469,114.27999877929688,117.23999786376953,635200
367,2024-08-05,104.47000122070312,116.91999816894531,102.70999908447266,114.22000122070312,1142100
368,2024-08-02,119.47000122070312,122.87000274658203,98.5,114.62999725341797,1917200
369,2024-08-01,124.6500015258789,125.56999969482422,117.2300033569336,121.0999984741211,1112200
370,2024-07-31,130.0,130.9499969482422,122.16000366210938,124.6500015258789,3517600
371,2024-07-30,111.97000122070312,116.3499984741211,108.2699966430664,110.86000061035156,1057100
372,2024-07-29,114.0,117.91999816894531,106.66999816894531,110.30000305175781,852500
373,2024-07-26,109.63999938964844,113.83999633789062,105.54499816894531,113.67500305175781,1021300
374,2024-07-25,118.91999816894531,120.87000274658203,105.25,109.08000183105469,2627900
375,2024-07-24,127.41000366210938,127.41000366210938,118.69000244140625,120.08999633789062,1442400
376,2024-07-23,126.79000091552734,128.4499969482422,125.74199676513672,126.55999755859375,581300
377,2024-07-22,124.3499984741211,127.8499984741211,122.0,125.68000030517578,467600
378,2024-07-19,120.52999877929688,125.98999786376953,119.58000183105469,123.8499984741211,300400
379,2024-07-18,123.5,127.38999938964844,118.05999755859375,120.52999877929688,703600
380,2024-07-17,134.0,134.0,118.56999969482422,119.5,1210800
381,2024-07-16,130.1300048828125,135.5500030517578,129.11000061035156,134.16000366210938,979400
382,2024-07-15,133.82000732421875,133.82000732421875,129.64999389648438,130.30999755859375,650800
383,2024-07-12,131.6199951171875,133.30999755859375,130.64999389648438,131.42999267578125,722400
384,2024-07-11,128.0399932861328,132.08999633789062,128.0,130.88999938964844,1418600
385,2024-07-10,121.0,133.5,121.0,127.5,819100
386,2024-07-09,121.75,128.85000610351562,121.75,125.01000213623047,1670000
387,2024-07-08,118.94999694824219,119.05999755859375,117.68000030517578,118.98999786376953,170800
388,2024-07-05,119.0,119.0,116.2699966430664,118.98999786376953,97400
389,2024-07-03,118.0999984741211,118.94000244140625,118.0999984741211,118.94000244140625,128300
390,2024-07-02,116.44999694824219,119.9000015258789,115.05000305175781,118.0,1089200
391,2024-07-01,113.9800033569336,116.47000122070312,111.20999908447266,116.0,867000
392,2024-06-28,109.5,113.33999633789062,106.22000122070312,111.0199966430664,375700
393,2024-06-27,113.02999877929688,114.48999786376953,106.87999725341797,110.44999694824219,1541000
394,2024-06-26,120.1500015258789,120.69999694824219,112.62999725341797,114.47000122070312,406700
395,2024-06-25,119.77999877929688,121.0,119.0199966430664,119.8499984741211,262400
396,2024-06-24,120.9000015258789,120.9000015258789,119.0,120.0,309800
397,2024-06-21,116.5999984741211,119.94000244140625,116.5999984741211,119.11000061035156,619600
398,2024-06-20,116.98999786376953,117.5,116.7300033569336,117.19999694824219,554700
399,2024-06-18,116.9000015258789,116.9000015258789,116.11000061035156,116.69999694824219,225700
400,2024-06-17,115.41999816894531,117.0,115.0199966430664,116.5,657900
401,2024-06-14,115.69999694824219,117.25,115.41000366210938,116.9000015258789,510600
402,2024-06-13,115.55000305175781,116.75,115.01000213623047,115.69999694824219,489000
403,2024-06-12,115.36000061035156,117.61499786376953,114.0199966430664,116.16999816894531,583100
404,2024-06-11,114.05999755859375,115.80000305175781,114.05999755859375,115.37000274658203,1131900
405,2024-06-10,112.4000015258789,115.0,112.4000015258789,114.5,308300
406,2024-06-07,111.0,113.44000244140625,110.55999755859375,111.69999694824219,685100
407,2024-06-06,112.94999694824219,114.0,110.12000274658203,110.37000274658203,820300
408,2024-06-05,109.0,113.29000091552734,108.81999969482422,112.91000366210938,790900
409,2024-06-04,113.69999694824219,113.9000015258789,106.11000061035156,108.76000213623047,795500
410,2024-06-03,115.69999694824219,115.69999694824219,112.0999984741211,113.23999786376953,552300
411,2024-05-31,115.30000305175781,115.80000305175781,114.12999725341797,115.1500015258789,506100
412,2024-05-30,114.41000366210938,115.9000015258789,113.5999984741211,115.48999786376953,793900
413,2024-05-29,118.98999786376953,118.98999786376953,113.51000213623047,114.41000366210938,1889000
414,2024-05-28,120.73999786376953,120.73999786376953,112.62999725341797,113.5999984741211,887100
415,2024-05-24,112.5,115.5,111.0,115.30000305175781,1270600
416,2024-05-23,108.75,125.79000091552734,108.75,112.3499984741211,1597200
417,2024-05-22,108.1500015258789,108.5,107.75,108.48999786376953,865100
418,2024-05-21,107.5999984741211,108.19999694824219,107.36000061035156,107.75,368300
419,2024-05-20,108.12000274658203,108.4800033569336,107.0,107.5999984741211,842400
420,2024-05-17,108.0,109.88999938964844,106.55000305175781,107.95999908447266,455900
